defect_id,source_system,department,section,severity,days_overdue,asset_age_years,past_failure_count,deferred_count,calculated_risk_score
DEF-2026-0001,TMS,Engineering,NZM-FDB,3,65,2.2,0,4,100.0
DEF-2026-0002,TDMS,TRD,NZM-FDB,2,16,9.5,2,0,48.4
DEF-2026-0003,SMMS,S & T,NZM-FDB,3,160,20.0,3,2,100.0
DEF-2026-0004,TDMS,TRD,DEC-GGN,5,14,27.9,8,2,100.0
DEF-2026-0005,SMMS,S & T,DEC-GGN,5,20,28.8,4,5,100.0
DEF-2026-0006,TDMS,TRD,GZB-ALJN,1,22,31.9,5,5,100.0
DEF-2026-0007,TDMS,TRD,NZM-FDB,3,177,32.5,8,2,100.0
DEF-2026-0008,TDMS,TRD,NDLS-PWL,3,0,30.8,3,2,79.8
DEF-2026-0009,TDMS,TRD,DEC-GGN,3,4,14.7,8,0,88.3
DEF-2026-0010,TDMS,TRD,PWL-MTJ,1,174,33.9,8,3,100.0
DEF-2026-0011,SMMS,S & T,NZM-FDB,4,22,4.0,6,3,100.0
DEF-2026-0012,TDMS,TRD,GZB-MTC,5,10,34.0,3,4,100.0
DEF-2026-0013,TDMS,TRD,PWL-MTJ,5,125,25.5,3,6,100.0
DEF-2026-0014,TMS,Engineering,NZM-FDB,1,21,9.5,8,0,72.4
DEF-2026-0015,TMS,Engineering,GZB-MTC,2,8,38.4,0,2,59.2
DEF-2026-0016,SMMS,S & T,DEC-GGN,1,4,35.3,4,3,73.0
DEF-2026-0017,TMS,Engineering,NZM-FDB,4,87,24.4,8,1,100.0
DEF-2026-0018,SMMS,S & T,DLI-DEC,2,87,30.5,5,2,100.0
DEF-2026-0019,TMS,Engineering,DEC-GGN,4,152,37.4,0,0,100.0
DEF-2026-0020,TMS,Engineering,GZB-ALJN,5,93,31.3,5,3,100.0
DEF-2026-0021,TMS,Engineering,GZB-MTC,3,37,37.4,5,4,100.0
DEF-2026-0022,TMS,Engineering,NDLS-GZB,2,20,5.5,1,1,51.2
DEF-2026-0023,SMMS,S & T,NZM-FDB,1,85,20.2,1,1,84.1
DEF-2026-0024,SMMS,S & T,GZB-ALJN,5,23,32.8,0,0,86.9
DEF-2026-0025,TMS,Engineering,NZM-FDB,4,17,11.8,4,3,100.0
DEF-2026-0026,TMS,Engineering,GZB-ALJN,2,10,7.1,0,5,70.3
DEF-2026-0027,TDMS,TRD,DLI-DEC,3,22,23.6,4,6,100.0
DEF-2026-0028,SMMS,S & T,NDLS-PWL,2,29,37.4,0,3,78.9
DEF-2026-0029,SMMS,S & T,DEC-GGN,1,12,29.3,4,5,90.4
DEF-2026-0030,TDMS,TRD,GZB-ALJN,1,27,3.8,6,4,92.7
DEF-2026-0031,TMS,Engineering,NDLS-PWL,4,28,40.9,8,1,100.0
DEF-2026-0032,TMS,Engineering,GZB-MTC,3,8,30.9,0,6,98.2
DEF-2026-0033,SMMS,S & T,DEC-GGN,1,21,10.5,7,2,82.3
DEF-2026-0034,TMS,Engineering,GZB-MTC,3,3,40.7,5,3,100.0
DEF-2026-0035,TMS,Engineering,NDLS-PWL,3,22,26.4,5,3,100.0
DEF-2026-0036,TMS,Engineering,GZB-MTC,1,7,17.5,5,3,73.2
DEF-2026-0037,TMS,Engineering,DLI-DEC,4,15,29.8,1,6,100.0
DEF-2026-0038,TDMS,TRD,GZB-ALJN,1,17,40.1,1,5,81.2
DEF-2026-0039,TDMS,TRD,DLI-DEC,4,38,26.9,3,0,98.1
DEF-2026-0040,SMMS,S & T,GZB-MTC,5,15,11.6,4,1,100.0
DEF-2026-0041,SMMS,S & T,NDLS-PWL,1,11,12.3,2,6,79.5
DEF-2026-0042,TMS,Engineering,NDLS-GZB,1,30,43.6,7,2,100.0
DEF-2026-0043,TMS,Engineering,DEC-GGN,2,2,3.8,3,4,73.2
DEF-2026-0044,TMS,Engineering,DLI-DEC,5,28,29.9,1,5,100.0
DEF-2026-0045,TDMS,TRD,GZB-ALJN,2,17,30.1,5,4,100.0
DEF-2026-0046,SMMS,S & T,GZB-MTC,2,29,17.2,5,3,98.3
DEF-2026-0047,TDMS,TRD,DLI-DEC,1,28,11.9,8,5,100.0
DEF-2026-0048,TMS,Engineering,GZB-ALJN,1,11,19.8,5,5,91.5
DEF-2026-0049,TMS,Engineering,NDLS-PWL,2,6,19.7,3,0,52.0
DEF-2026-0050,SMMS,S & T,DLI-DEC,1,20,26.6,0,1,42.1
DEF-2026-0051,TDMS,TRD,PWL-MTJ,3,12,39.8,4,0,81.1
DEF-2026-0052,TMS,Engineering,NDLS-PWL,5,27,37.7,2,6,100.0
DEF-2026-0053,SMMS,S & T,NZM-FDB,3,118,27.7,1,1,100.0
DEF-2026-0054,TMS,Engineering,NDLS-PWL,1,164,23.7,6,6,100.0
DEF-2026-0055,SMMS,S & T,GZB-MTC,1,40,24.9,1,0,51.5
DEF-2026-0056,SMMS,S & T,NZM-FDB,5,31,35.3,6,4,100.0
DEF-2026-0057,TMS,Engineering,GZB-ALJN,1,16,36.5,6,2,84.2
DEF-2026-0058,TMS,Engineering,DLI-DEC,2,90,5.6,8,3,100.0
DEF-2026-0059,TMS,Engineering,PWL-MTJ,4,25,7.1,0,3,88.3
DEF-2026-0060,SMMS,S & T,NZM-FDB,2,11,30.0,4,2,79.6
DEF-2026-0061,SMMS,S & T,NDLS-PWL,3,132,19.8,8,3,100.0
DEF-2026-0062,TMS,Engineering,NDLS-PWL,3,8,35.3,6,5,100.0
DEF-2026-0063,TDMS,TRD,PWL-MTJ,3,23,32.1,2,0,73.6
DEF-2026-0064,SMMS,S & T,NZM-FDB,4,25,31.4,0,1,83.1
DEF-2026-0065,TDMS,TRD,DLI-DEC,1,2,27.8,1,0,29.8
DEF-2026-0066,TMS,Engineering,NDLS-GZB,1,129,19.2,8,2,100.0
DEF-2026-0067,TDMS,TRD,PWL-MTJ,4,20,10.7,8,2,100.0
DEF-2026-0068,TMS,Engineering,NDLS-GZB,3,16,31.0,5,1,93.0
DEF-2026-0069,TDMS,TRD,NDLS-GZB,1,8,19.0,3,4,70.9
DEF-2026-0070,SMMS,S & T,DLI-DEC,1,2,37.7,5,2,70.8
DEF-2026-0071,TMS,Engineering,GZB-ALJN,5,14,13.2,6,4,100.0
DEF-2026-0072,SMMS,S & T,DLI-DEC,3,60,43.1,8,6,100.0
DEF-2026-0073,SMMS,S & T,GZB-MTC,5,154,34.6,7,5,100.0
DEF-2026-0074,TDMS,TRD,PWL-MTJ,4,15,18.5,3,5,100.0
DEF-2026-0075,TDMS,TRD,DLI-DEC,2,11,32.1,4,1,72.9
DEF-2026-0076,TMS,Engineering,DEC-GGN,3,26,42.1,7,2,100.0
DEF-2026-0077,TMS,Engineering,DLI-DEC,3,5,10.6,3,6,100.0
DEF-2026-0078,TMS,Engineering,GZB-MTC,1,7,6.6,1,5,61.8
DEF-2026-0079,SMMS,S & T,DLI-DEC,4,41,18.0,5,3,100.0
DEF-2026-0080,TMS,Engineering,NZM-FDB,5,29,11.5,2,0,93.0
DEF-2026-0081,TMS,Engineering,GZB-ALJN,3,16,31.5,2,3,91.7
DEF-2026-0082,SMMS,S & T,DEC-GGN,2,22,11.1,1,2,62.1
DEF-2026-0083,SMMS,S & T,NDLS-PWL,2,17,22.3,5,2,85.6
DEF-2026-0084,TMS,Engineering,NDLS-PWL,1,22,19.2,7,1,78.9
DEF-2026-0085,TDMS,TRD,NZM-FDB,3,56,36.6,8,3,100.0
DEF-2026-0086,TMS,Engineering,NDLS-PWL,4,23,2.4,6,3,100.0
DEF-2026-0087,TDMS,TRD,NDLS-GZB,4,167,35.8,4,2,100.0
DEF-2026-0088,TMS,Engineering,DEC-GGN,3,86,22.5,1,3,100.0
DEF-2026-0089,TMS,Engineering,PWL-MTJ,2,17,19.7,5,6,100.0
DEF-2026-0090,SMMS,S & T,GZB-MTC,3,75,14.2,5,5,100.0
DEF-2026-0091,TDMS,TRD,NDLS-PWL,2,2,21.9,2,6,90.0
DEF-2026-0092,SMMS,S & T,DEC-GGN,5,13,41.0,1,1,97.2
DEF-2026-0093,TMS,Engineering,DEC-GGN,2,9,19.0,7,6,100.0
DEF-2026-0094,SMMS,S & T,PWL-MTJ,3,14,38.7,2,5,100.0
DEF-2026-0095,SMMS,S & T,GZB-MTC,5,22,19.1,1,0,86.3
DEF-2026-0096,SMMS,S & T,NDLS-PWL,1,165,5.6,4,4,100.0
DEF-2026-0097,TMS,Engineering,NDLS-PWL,5,12,33.7,7,5,100.0
DEF-2026-0098,TMS,Engineering,GZB-MTC,4,0,39.0,5,6,100.0
DEF-2026-0099,TMS,Engineering,GZB-MTC,4,29,7.8,8,1,100.0
DEF-2026-0100,SMMS,S & T,GZB-MTC,3,18,29.5,4,2,95.6
DEF-2026-0101,SMMS,S & T,NDLS-GZB,4,14,13.2,4,0,83.7
DEF-2026-0102,SMMS,S & T,GZB-MTC,4,4,25.0,7,6,100.0
DEF-2026-0103,TMS,Engineering,PWL-MTJ,4,25,36.3,8,2,100.0
DEF-2026-0104,TMS,Engineering,NZM-FDB,3,12,33.7,6,6,100.0
DEF-2026-0105,TMS,Engineering,DLI-DEC,1,20,36.4,4,2,75.6
DEF-2026-0106,TMS,Engineering,GZB-MTC,4,5,29.4,7,2,100.0
DEF-2026-0107,TMS,Engineering,NDLS-PWL,1,1,43.8,4,2,67.1
DEF-2026-0108,SMMS,S & T,DLI-DEC,4,7,23.2,5,3,100.0
DEF-2026-0109,TDMS,TRD,NDLS-PWL,2,11,3.4,1,6,82.5
DEF-2026-0110,TMS,Engineering,NZM-FDB,4,2,10.3,4,6,100.0
DEF-2026-0111,TDMS,TRD,NDLS-GZB,1,24,43.9,3,5,98.0
DEF-2026-0112,TMS,Engineering,DLI-DEC,4,3,11.0,6,5,100.0
DEF-2026-0113,TDMS,TRD,GZB-MTC,1,41,25.6,1,2,67.3
DEF-2026-0114,SMMS,S & T,NZM-FDB,1,44,11.4,1,1,56.0
DEF-2026-0115,TMS,Engineering,GZB-MTC,1,8,35.9,0,0,31.2
DEF-2026-0116,SMMS,S & T,NDLS-GZB,1,24,23.5,5,6,100.0
DEF-2026-0117,TMS,Engineering,DEC-GGN,3,168,7.4,3,2,100.0
DEF-2026-0118,TDMS,TRD,NDLS-GZB,2,6,17.4,2,2,60.6
DEF-2026-0119,TMS,Engineering,DEC-GGN,2,9,10.2,2,4,74.5
DEF-2026-0120,TMS,Engineering,DLI-DEC,2,27,24.8,7,2,100.0
DEF-2026-0121,SMMS,S & T,DEC-GGN,2,24,10.0,0,4,72.4
DEF-2026-0122,TDMS,TRD,GZB-MTC,1,23,25.2,6,1,76.4
DEF-2026-0123,TDMS,TRD,GZB-ALJN,1,9,15.8,1,4,59.2
DEF-2026-0124,TMS,Engineering,NZM-FDB,5,5,22.9,1,0,77.7
DEF-2026-0125,SMMS,S & T,PWL-MTJ,3,22,11.5,1,0,59.3
DEF-2026-0126,SMMS,S & T,NZM-FDB,5,26,29.5,5,4,100.0
DEF-2026-0127,TDMS,TRD,PWL-MTJ,4,1,33.6,4,0,84.0
DEF-2026-0128,TDMS,TRD,PWL-MTJ,1,23,10.1,8,5,100.0
DEF-2026-0129,SMMS,S & T,GZB-MTC,5,17,6.5,5,5,100.0
DEF-2026-0130,SMMS,S & T,NDLS-PWL,2,73,25.6,8,2,100.0
DEF-2026-0131,SMMS,S & T,DEC-GGN,3,121,25.7,5,6,100.0
DEF-2026-0132,TMS,Engineering,DLI-DEC,3,26,26.2,3,3,100.0
DEF-2026-0133,TMS,Engineering,NDLS-GZB,2,30,3.5,4,4,95.4
DEF-2026-0134,SMMS,S & T,DLI-DEC,5,9,11.5,5,0,97.5
DEF-2026-0135,TDMS,TRD,NDLS-PWL,3,18,3.6,5,1,83.2
DEF-2026-0136,TMS,Engineering,PWL-MTJ,4,7,14.9,6,4,100.0
DEF-2026-0137,SMMS,S & T,DLI-DEC,4,25,37.5,1,4,100.0
DEF-2026-0138,TMS,Engineering,NZM-FDB,4,51,41.6,5,2,100.0
DEF-2026-0139,TMS,Engineering,NZM-FDB,4,89,38.5,0,5,100.0
DEF-2026-0140,TMS,Engineering,NDLS-GZB,3,10,16.1,3,1,72.4
DEF-2026-0141,SMMS,S & T,NZM-FDB,5,14,11.5,4,6,100.0
DEF-2026-0142,TMS,Engineering,NZM-FDB,2,177,25.6,4,0,100.0
DEF-2026-0143,SMMS,S & T,PWL-MTJ,4,4,10.5,6,5,100.0
DEF-2026-0144,SMMS,S & T,GZB-ALJN,5,16,13.4,6,2,100.0
DEF-2026-0145,TMS,Engineering,DLI-DEC,2,11,16.8,0,6,82.3
DEF-2026-0146,TMS,Engineering,DEC-GGN,2,26,20.9,3,1,72.0
DEF-2026-0147,TMS,Engineering,DLI-DEC,4,59,12.5,2,6,100.0
DEF-2026-0148,TMS,Engineering,PWL-MTJ,3,3,3.0,3,5,93.0
DEF-2026-0149,TMS,Engineering,NDLS-GZB,3,8,33.4,2,5,100.0
DEF-2026-0150,TMS,Engineering,DLI-DEC,5,16,4.6,3,6,100.0
DEF-2026-0151,TMS,Engineering,GZB-ALJN,3,0,13.7,5,6,100.0
DEF-2026-0152,TMS,Engineering,GZB-MTC,4,20,18.4,1,2,87.9
DEF-2026-0153,TDMS,TRD,PWL-MTJ,3,5,21.7,0,0,47.7
DEF-2026-0154,TDMS,TRD,DLI-DEC,2,131,2.8,5,2,100.0
DEF-2026-0155,TMS,Engineering,NDLS-GZB,5,101,28.9,6,6,100.0
DEF-2026-0156,TDMS,TRD,NZM-FDB,5,7,18.9,2,0,82.8
DEF-2026-0157,SMMS,S & T,DEC-GGN,3,27,26.6,6,2,100.0
DEF-2026-0158,TMS,Engineering,NDLS-PWL,1,20,31.4,3,6,98.1
DEF-2026-0159,TMS,Engineering,NDLS-PWL,4,16,41.1,2,5,100.0
DEF-2026-0160,TMS,Engineering,NDLS-GZB,3,30,38.1,2,5,100.0
DEF-2026-0161,TDMS,TRD,PWL-MTJ,4,13,34.1,4,1,98.9
DEF-2026-0162,TMS,Engineering,NDLS-GZB,1,24,28.3,3,1,61.7
DEF-2026-0163,TMS,Engineering,NZM-FDB,3,15,28.0,5,1,91.2
DEF-2026-0164,TMS,Engineering,NZM-FDB,1,6,34.9,0,2,44.6
DEF-2026-0165,TMS,Engineering,GZB-MTC,3,6,41.9,7,6,100.0
DEF-2026-0166,SMMS,S & T,DEC-GGN,4,28,35.4,6,5,100.0
DEF-2026-0167,TMS,Engineering,GZB-ALJN,5,18,39.7,0,4,100.0
DEF-2026-0168,TMS,Engineering,NZM-FDB,4,1,19.0,0,4,86.2
DEF-2026-0169,SMMS,S & T,DLI-DEC,3,1,19.1,4,6,100.0
DEF-2026-0170,TMS,Engineering,GZB-MTC,2,19,40.9,7,6,100.0
DEF-2026-0171,TMS,Engineering,NZM-FDB,3,180,31.9,2,3,100.0
DEF-2026-0172,TMS,Engineering,NDLS-PWL,1,82,5.9,5,5,100.0
DEF-2026-0173,SMMS,S & T,NDLS-PWL,1,3,5.7,6,5,86.6
DEF-2026-0174,TMS,Engineering,NDLS-PWL,2,74,26.3,2,1,97.4
DEF-2026-0175,TMS,Engineering,NDLS-PWL,4,13,35.1,7,2,100.0
DEF-2026-0176,TMS,Engineering,GZB-MTC,1,6,12.9,7,3,81.8
DEF-2026-0177,SMMS,S & T,NZM-FDB,1,28,27.3,7,3,100.0
DEF-2026-0178,TMS,Engineering,PWL-MTJ,3,93,14.0,8,6,100.0
DEF-2026-0179,TMS,Engineering,GZB-ALJN,1,20,38.7,4,2,76.5
DEF-2026-0180,TMS,Engineering,GZB-MTC,2,5,28.3,8,1,89.8
DEF-2026-0181,SMMS,S & T,GZB-ALJN,2,54,15.9,6,6,100.0
DEF-2026-0182,TDMS,TRD,NZM-FDB,4,2,7.2,4,2,89.1
DEF-2026-0183,SMMS,S & T,GZB-MTC,3,19,33.4,8,0,100.0
DEF-2026-0184,SMMS,S & T,DEC-GGN,3,25,38.5,4,4,100.0
DEF-2026-0185,TDMS,TRD,PWL-MTJ,3,164,23.4,2,4,100.0
DEF-2026-0186,SMMS,S & T,PWL-MTJ,5,0,28.9,1,5,100.0
DEF-2026-0187,TDMS,TRD,PWL-MTJ,5,13,26.1,3,0,94.7
DEF-2026-0188,SMMS,S & T,DEC-GGN,2,2,25.6,0,0,35.4
DEF-2026-0189,TMS,Engineering,GZB-MTC,4,38,10.3,5,5,100.0
DEF-2026-0190,TDMS,TRD,GZB-MTC,4,20,29.0,8,2,100.0
DEF-2026-0191,TDMS,TRD,NDLS-GZB,2,45,14.9,5,4,100.0
DEF-2026-0192,TMS,Engineering,NZM-FDB,3,25,8.4,0,2,69.4
DEF-2026-0193,SMMS,S & T,DEC-GGN,4,18,7.0,4,5,100.0
DEF-2026-0194,SMMS,S & T,DLI-DEC,2,158,18.0,4,1,100.0
DEF-2026-0195,TMS,Engineering,GZB-MTC,2,82,21.1,0,6,100.0
DEF-2026-0196,TDMS,TRD,GZB-ALJN,1,154,24.5,5,1,100.0
DEF-2026-0197,TDMS,TRD,GZB-ALJN,5,21,3.6,6,5,100.0
DEF-2026-0198,TMS,Engineering,DLI-DEC,5,21,40.2,1,4,100.0
DEF-2026-0199,TMS,Engineering,DEC-GGN,4,20,10.3,4,4,100.0
DEF-2026-0200,TDMS,TRD,GZB-ALJN,3,8,6.9,8,4,100.0
DEF-2026-0201,TMS,Engineering,PWL-MTJ,2,10,32.3,4,4,94.9
DEF-2026-0202,TMS,Engineering,NDLS-GZB,2,28,4.2,0,3,65.0
DEF-2026-0203,TMS,Engineering,DEC-GGN,1,13,27.6,7,4,99.3
DEF-2026-0204,TMS,Engineering,NDLS-PWL,4,22,41.7,7,4,100.0
DEF-2026-0205,TMS,Engineering,PWL-MTJ,4,22,15.3,7,3,100.0
DEF-2026-0206,TDMS,TRD,DEC-GGN,1,97,18.9,5,6,100.0
DEF-2026-0207,TMS,Engineering,DEC-GGN,1,15,21.8,2,2,55.7
DEF-2026-0208,SMMS,S & T,GZB-ALJN,1,134,36.3,5,4,100.0
DEF-2026-0209,TDMS,TRD,NZM-FDB,3,12,12.5,2,3,81.7
DEF-2026-0210,TMS,Engineering,PWL-MTJ,1,141,20.7,5,4,100.0
DEF-2026-0211,TMS,Engineering,GZB-ALJN,3,177,6.9,7,2,100.0
DEF-2026-0212,TDMS,TRD,GZB-MTC,1,30,6.7,6,2,80.7
DEF-2026-0213,SMMS,S & T,NDLS-PWL,1,66,40.8,0,6,100.0
DEF-2026-0214,SMMS,S & T,DEC-GGN,2,9,21.2,3,5,91.9
DEF-2026-0215,TMS,Engineering,NDLS-GZB,4,108,42.3,5,0,100.0
DEF-2026-0216,SMMS,S & T,NDLS-GZB,3,63,4.7,8,0,100.0
DEF-2026-0217,SMMS,S & T,NZM-FDB,4,59,39.2,3,3,100.0
DEF-2026-0218,SMMS,S & T,NDLS-PWL,4,12,11.1,2,3,93.1
DEF-2026-0219,TMS,Engineering,NDLS-GZB,2,123,8.6,2,1,100.0
DEF-2026-0220,TMS,Engineering,NDLS-PWL,1,23,43.9,2,0,54.4
DEF-2026-0221,SMMS,S & T,GZB-MTC,2,14,21.5,6,4,100.0
DEF-2026-0222,TMS,Engineering,DLI-DEC,1,13,38.4,3,5,89.2
DEF-2026-0223,TMS,Engineering,GZB-MTC,3,39,26.4,5,0,97.5
DEF-2026-0224,TDMS,TRD,GZB-ALJN,1,165,44.3,4,3,100.0
DEF-2026-0225,SMMS,S & T,DLI-DEC,3,7,30.5,1,5,95.4
DEF-2026-0226,SMMS,S & T,DEC-GGN,5,17,24.0,7,4,100.0
DEF-2026-0227,TMS,Engineering,DLI-DEC,5,25,3.5,4,5,100.0
DEF-2026-0228,TMS,Engineering,GZB-MTC,2,5,44.6,0,2,59.8
DEF-2026-0229,TMS,Engineering,DLI-DEC,3,27,28.5,4,6,100.0
DEF-2026-0230,TMS,Engineering,PWL-MTJ,1,5,17.9,2,2,48.2
DEF-2026-0231,TMS,Engineering,NDLS-PWL,4,27,5.6,2,4,100.0
DEF-2026-0232,TDMS,TRD,DEC-GGN,4,13,20.9,2,1,82.7
DEF-2026-0233,TMS,Engineering,GZB-MTC,2,26,22.0,7,2,100.0
DEF-2026-0234,SMMS,S & T,NDLS-PWL,4,17,32.3,7,2,100.0
DEF-2026-0235,SMMS,S & T,NDLS-GZB,2,9,15.6,8,5,100.0
DEF-2026-0236,TMS,Engineering,DLI-DEC,3,11,30.0,4,2,91.6
DEF-2026-0237,TMS,Engineering,PWL-MTJ,1,20,35.2,3,5,92.1
DEF-2026-0238,SMMS,S & T,NZM-FDB,3,5,30.9,1,0,56.9
DEF-2026-0239,TMS,Engineering,NDLS-GZB,1,14,14.2,3,0,42.6
DEF-2026-0240,SMMS,S & T,NDLS-PWL,1,86,29.4,1,0,80.9
DEF-2026-0241,TMS,Engineering,NDLS-PWL,4,175,9.9,1,5,100.0
DEF-2026-0242,TMS,Engineering,NZM-FDB,2,29,41.7,4,6,100.0
DEF-2026-0243,SMMS,S & T,NDLS-GZB,3,24,35.6,4,6,100.0
DEF-2026-0244,TMS,Engineering,GZB-MTC,2,97,13.4,7,0,100.0
DEF-2026-0245,TDMS,TRD,NZM-FDB,1,12,6.7,8,6,100.0
DEF-2026-0246,TMS,Engineering,DLI-DEC,3,144,6.4,1,0,100.0
DEF-2026-0247,TDMS,TRD,NZM-FDB,1,15,2.0,0,5,59.3
DEF-2026-0248,TMS,Engineering,NZM-FDB,4,28,24.2,7,3,100.0
DEF-2026-0249,TMS,Engineering,DEC-GGN,4,25,2.1,7,0,100.0
DEF-2026-0250,TMS,Engineering,GZB-MTC,2,1,38.7,5,0,67.6
DEF-2026-0251,TDMS,TRD,NZM-FDB,2,6,43.6,3,2,76.5
DEF-2026-0252,TDMS,TRD,NDLS-GZB,3,11,29.2,3,1,78.3
DEF-2026-0253,TMS,Engineering,DLI-DEC,4,18,4.7,8,5,100.0
DEF-2026-0254,TMS,Engineering,DEC-GGN,5,146,2.7,5,0,100.0
DEF-2026-0255,TDMS,TRD,NDLS-PWL,1,85,30.7,7,5,100.0
DEF-2026-0256,SMMS,S & T,NDLS-GZB,1,40,23.0,0,3,67.7
DEF-2026-0257,TMS,Engineering,NDLS-PWL,3,0,40.9,1,3,80.4
DEF-2026-0258,TDMS,TRD,PWL-MTJ,1,26,27.6,3,0,55.1
DEF-2026-0259,TMS,Engineering,DEC-GGN,4,23,44.0,8,1,100.0
DEF-2026-0260,TDMS,TRD,NDLS-PWL,4,24,16.4,1,2,89.5
DEF-2026-0261,TDMS,TRD,GZB-ALJN,1,11,12.5,0,1,31.1
DEF-2026-0262,TDMS,TRD,NDLS-PWL,3,12,22.9,0,0,52.4
DEF-2026-0263,TDMS,TRD,NDLS-PWL,4,18,36.7,7,5,100.0
DEF-2026-0264,TMS,Engineering,NDLS-PWL,3,16,42.3,0,4,92.5
DEF-2026-0265,SMMS,S & T,GZB-ALJN,3,2,2.2,3,1,62.1
DEF-2026-0266,TDMS,TRD,GZB-MTC,5,123,44.4,8,1,100.0
DEF-2026-0267,TDMS,TRD,NDLS-PWL,3,8,36.3,7,3,100.0
DEF-2026-0268,TMS,Engineering,GZB-MTC,5,1,20.7,5,4,100.0
DEF-2026-0269,TMS,Engineering,GZB-ALJN,4,29,35.8,7,4,100.0
DEF-2026-0270,TMS,Engineering,GZB-ALJN,1,14,10.5,5,1,59.6
DEF-2026-0271,TMS,Engineering,GZB-MTC,1,136,18.1,3,0,100.0
DEF-2026-0272,SMMS,S & T,DEC-GGN,1,13,28.2,2,3,64.6
DEF-2026-0273,TMS,Engineering,NDLS-GZB,4,122,10.7,2,0,100.0
DEF-2026-0274,TMS,Engineering,NDLS-PWL,1,14,34.7,3,2,65.8
DEF-2026-0275,TDMS,TRD,NZM-FDB,3,19,25.8,3,0,74.2
DEF-2026-0276,TDMS,TRD,PWL-MTJ,2,152,14.0,6,5,100.0
DEF-2026-0277,TMS,Engineering,NDLS-GZB,2,69,40.6,6,0,100.0
DEF-2026-0278,TDMS,TRD,GZB-MTC,4,16,19.0,1,3,93.2
DEF-2026-0279,TMS,Engineering,GZB-ALJN,3,135,7.7,4,1,100.0
DEF-2026-0280,TMS,Engineering,GZB-MTC,3,148,34.1,0,3,100.0
DEF-2026-0281,TDMS,TRD,NDLS-GZB,4,78,17.9,7,5,100.0
DEF-2026-0282,TDMS,TRD,PWL-MTJ,1,28,14.8,4,5,94.2
DEF-2026-0283,TDMS,TRD,GZB-ALJN,1,116,4.4,5,0,100.0
DEF-2026-0284,TMS,Engineering,PWL-MTJ,2,1,29.9,1,4,72.1
DEF-2026-0285,TMS,Engineering,PWL-MTJ,2,17,33.7,3,6,100.0
DEF-2026-0286,TMS,Engineering,GZB-MTC,4,16,4.7,5,3,100.0
DEF-2026-0287,SMMS,S & T,DEC-GGN,4,15,24.9,4,3,100.0
DEF-2026-0288,TDMS,TRD,NZM-FDB,5,25,40.0,1,0,96.5
DEF-2026-0289,TDMS,TRD,NDLS-PWL,2,30,13.9,2,3,81.1
DEF-2026-0290,TDMS,TRD,GZB-MTC,3,20,43.7,8,1,100.0
DEF-2026-0291,TMS,Engineering,DEC-GGN,2,20,4.7,3,6,99.4
DEF-2026-0292,TMS,Engineering,GZB-MTC,2,20,30.6,8,6,100.0
DEF-2026-0293,TMS,Engineering,DLI-DEC,3,28,13.2,7,2,100.0
DEF-2026-0294,TDMS,TRD,DLI-DEC,1,11,9.2,2,5,70.8
DEF-2026-0295,TMS,Engineering,NDLS-PWL,1,22,7.0,5,4,85.5
DEF-2026-0296,TMS,Engineering,DEC-GGN,2,174,30.6,5,1,100.0
DEF-2026-0297,TMS,Engineering,NDLS-PWL,5,17,3.1,7,6,100.0
DEF-2026-0298,TDMS,TRD,DLI-DEC,5,32,25.5,8,2,100.0
DEF-2026-0299,TMS,Engineering,GZB-ALJN,2,30,36.4,7,2,100.0
DEF-2026-0300,SMMS,S & T,DEC-GGN,5,4,3.1,3,3,100.0
DEF-2026-0301,TMS,Engineering,NDLS-GZB,1,20,11.6,4,1,58.1
DEF-2026-0302,TMS,Engineering,NDLS-GZB,4,53,19.0,7,2,100.0
DEF-2026-0303,TDMS,TRD,DEC-GGN,2,4,18.0,4,2,70.6
DEF-2026-0304,TMS,Engineering,GZB-MTC,2,17,40.2,6,6,100.0
DEF-2026-0305,TMS,Engineering,PWL-MTJ,4,139,19.8,1,1,100.0
DEF-2026-0306,TMS,Engineering,NDLS-GZB,5,16,43.3,6,0,100.0
DEF-2026-0307,TMS,Engineering,NDLS-PWL,5,13,32.5,2,1,99.3
DEF-2026-0308,TDMS,TRD,GZB-MTC,2,41,15.0,4,3,99.1
DEF-2026-0309,TMS,Engineering,DLI-DEC,4,4,29.5,7,0,100.0
DEF-2026-0310,TMS,Engineering,DEC-GGN,2,22,34.9,7,0,89.7
DEF-2026-0311,SMMS,S & T,NDLS-GZB,3,27,22.5,1,2,81.7
DEF-2026-0312,TDMS,TRD,NDLS-PWL,1,1,39.8,2,2,54.5
DEF-2026-0313,TMS,Engineering,PWL-MTJ,2,20,14.5,1,4,77.3
DEF-2026-0314,TDMS,TRD,DEC-GGN,1,3,39.5,4,2,66.6
DEF-2026-0315,TMS,Engineering,GZB-MTC,3,26,24.3,5,6,100.0
DEF-2026-0316,TMS,Engineering,GZB-ALJN,5,5,23.6,3,6,100.0
DEF-2026-0317,TMS,Engineering,DEC-GGN,5,64,22.6,4,5,100.0
DEF-2026-0318,TMS,Engineering,GZB-ALJN,2,164,16.7,4,0,100.0
DEF-2026-0319,TMS,Engineering,GZB-ALJN,4,4,11.0,1,3,82.8
DEF-2026-0320,TMS,Engineering,NDLS-GZB,4,24,6.6,8,4,100.0
DEF-2026-0321,TMS,Engineering,GZB-ALJN,5,1,2.4,1,6,100.0
DEF-2026-0322,TDMS,TRD,DLI-DEC,1,28,17.1,1,1,48.6
DEF-2026-0323,TDMS,TRD,GZB-ALJN,2,159,28.4,8,4,100.0
DEF-2026-0324,TMS,Engineering,NDLS-GZB,3,0,10.2,4,1,69.6
DEF-2026-0325,TDMS,TRD,GZB-ALJN,1,160,22.4,2,3,100.0
DEF-2026-0326,TMS,Engineering,DEC-GGN,2,12,11.8,1,6,86.4
DEF-2026-0327,TMS,Engineering,NDLS-GZB,1,157,32.3,8,5,100.0
DEF-2026-0328,TMS,Engineering,NZM-FDB,2,12,33.7,7,1,90.7
DEF-2026-0329,TMS,Engineering,NDLS-GZB,4,48,36.5,5,1,100.0
DEF-2026-0330,TDMS,TRD,NDLS-PWL,2,3,30.3,1,0,43.4
DEF-2026-0331,TMS,Engineering,NZM-FDB,3,3,43.9,5,1,90.4
DEF-2026-0332,TMS,Engineering,NZM-FDB,4,23,32.7,4,6,100.0
DEF-2026-0333,TMS,Engineering,GZB-MTC,3,134,24.0,2,6,100.0
DEF-2026-0334,TMS,Engineering,NDLS-GZB,2,15,7.8,1,5,79.1
DEF-2026-0335,TDMS,TRD,GZB-ALJN,2,0,31.2,2,2,62.5
DEF-2026-0336,TDMS,TRD,DLI-DEC,3,157,10.7,7,3,100.0
DEF-2026-0337,SMMS,S & T,NZM-FDB,4,17,34.9,6,0,100.0
DEF-2026-0338,TMS,Engineering,NDLS-PWL,4,14,9.6,4,5,100.0
DEF-2026-0339,TMS,Engineering,GZB-MTC,1,22,6.7,7,5,100.0
DEF-2026-0340,TMS,Engineering,DEC-GGN,4,16,23.3,6,4,100.0
DEF-2026-0341,TDMS,TRD,NDLS-GZB,2,1,7.5,5,2,70.1
DEF-2026-0342,TDMS,TRD,NDLS-GZB,3,12,44.7,6,2,100.0
DEF-2026-0343,SMMS,S & T,DLI-DEC,1,20,41.1,1,6,90.9
DEF-2026-0344,TMS,Engineering,NZM-FDB,1,17,30.3,6,4,97.3
DEF-2026-0345,TMS,Engineering,GZB-ALJN,3,36,18.2,6,2,100.0
DEF-2026-0346,TDMS,TRD,DLI-DEC,1,21,23.6,5,1,69.0
DEF-2026-0347,TMS,Engineering,NDLS-GZB,2,50,25.0,4,2,100.0
DEF-2026-0348,TMS,Engineering,DEC-GGN,3,25,43.2,1,4,100.0
DEF-2026-0349,TMS,Engineering,DLI-DEC,3,16,16.9,1,5,95.4
DEF-2026-0350,SMMS,S & T,GZB-MTC,2,21,19.8,4,4,96.5
