train_no,section,arr_time,dep_time,direction,days
04284,DLI-DEC,21:45,21:53,UP,"TUE,WED,THU,SAT,SUN"
04284,DEC-GGN,22:51,22:58,UP,"TUE,WED,THU,SAT,SUN"
12094,GZB-MTC,19:00,19:05,UP,"MON,TUE,WED,FRI,SAT,SUN"
12094,GZB-ALJN,19:55,20:01,UP,"MON,TUE,WED,FRI,SAT,SUN"
04300,GZB-MTC,14:40,14:43,UP,"MON,TUE,WED,THU,FRI,SAT,SUN"
04300,GZB-ALJN,15:38,15:41,UP,"MON,TUE,WED,THU,FRI,SAT,SUN"
12875,DLI-DEC,03:35,03:38,DOWN,"MON,TUE,WED,THU,SUN"
12875,DEC-GGN,04:12,04:17,DOWN,"MON,TUE,WED,THU,SUN"
22363,DLI-DEC,19:25,19:29,DOWN,"MON,TUE,WED,SAT,SUN"
22363,DEC-GGN,20:27,20:33,DOWN,"MON,TUE,WED,SAT,SUN"
22276,DLI-DEC,04:05,04:11,DOWN,"MON,TUE,WED,THU,FRI,SAT,SUN"
22276,DEC-GGN,05:04,05:09,DOWN,"MON,TUE,WED,THU,FRI,SAT,SUN"
12216,NDLS-GZB,01:50,01:58,DOWN,"MON,TUE,WED,THU,FRI,SAT,SUN"
12216,GZB-ALJN,02:30,02:33,DOWN,"MON,TUE,WED,THU,FRI,SAT,SUN"
04269,DLI-DEC,07:00,07:08,UP,"MON,TUE,WED,THU,FRI,SAT,SUN"
04269,DEC-GGN,07:48,07:55,UP,"MON,TUE,WED,THU,FRI,SAT,SUN"
12156,NDLS-PWL,14:05,14:12,UP,"MON,TUE,WED,THU,FRI,SAT,SUN"
12156,PWL-MTJ,15:04,15:10,UP,"MON,TUE,WED,THU,FRI,SAT,SUN"
04738,NDLS-PWL,07:50,07:54,DOWN,"MON,WED,FRI,SAT,SUN"
04738,PWL-MTJ,08:46,08:52,DOWN,"MON,WED,FRI,SAT,SUN"
12976,NDLS-GZB,19:10,19:17,UP,"MON,TUE,WED,THU,FRI,SAT,SUN"
12976,GZB-ALJN,20:09,20:15,UP,"MON,TUE,WED,THU,FRI,SAT,SUN"
12382,NDLS-GZB,08:45,08:50,UP,"MON,TUE,WED,FRI,SUN"
12382,GZB-ALJN,09:19,09:26,UP,"MON,TUE,WED,FRI,SUN"
12059,NDLS-GZB,15:35,15:40,UP,"MON,THU,FRI,SAT,SUN"
12059,GZB-ALJN,16:17,16:23,UP,"MON,THU,FRI,SAT,SUN"
12675,NDLS-GZB,20:50,20:57,DOWN,"MON,TUE,WED,THU,FRI,SUN"
12675,GZB-ALJN,21:42,21:49,DOWN,"MON,TUE,WED,THU,FRI,SUN"
22921,NZM-FDB,04:50,04:55,DOWN,"MON,TUE,WED,THU,FRI,SAT,SUN"
22921,NDLS-PWL,05:42,05:48,DOWN,"MON,TUE,WED,THU,FRI,SAT,SUN"
12007,GZB-MTC,12:40,12:47,UP,"MON,TUE,FRI,SAT,SUN"
12007,GZB-ALJN,13:17,13:25,UP,"MON,TUE,FRI,SAT,SUN"
04243,NDLS-PWL,05:00,05:04,DOWN,"TUE,WED,THU,FRI,SAT,SUN"
04243,PWL-MTJ,05:48,05:51,DOWN,"TUE,WED,THU,FRI,SAT,SUN"
12096,NDLS-PWL,06:00,06:07,DOWN,"TUE,WED,THU,SAT,SUN"
12096,PWL-MTJ,06:56,07:02,DOWN,"TUE,WED,THU,SAT,SUN"
04669,GZB-MTC,16:20,16:26,UP,"MON,TUE,WED,THU,FRI,SAT,SUN"
04669,GZB-ALJN,17:02,17:08,UP,"MON,TUE,WED,THU,FRI,SAT,SUN"
22187,GZB-MTC,23:40,23:44,UP,"MON,TUE,WED,THU,FRI,SUN"
22187,GZB-ALJN,00:40,00:45,UP,"MON,TUE,WED,THU,FRI,SUN"
12948,NDLS-PWL,13:25,13:31,UP,"MON,TUE,THU,FRI,SAT"
12948,PWL-MTJ,13:59,14:04,UP,"MON,TUE,THU,FRI,SAT"
22002,NDLS-GZB,05:45,05:49,DOWN,"TUE,WED,THU,FRI,SAT,SUN"
22002,GZB-ALJN,06:38,06:45,DOWN,"TUE,WED,THU,FRI,SAT,SUN"
12593,GZB-MTC,17:25,17:33,DOWN,"MON,TUE,WED,THU,FRI,SAT,SUN"
12593,GZB-ALJN,18:29,18:35,DOWN,"MON,TUE,WED,THU,FRI,SAT,SUN"
12070,NZM-FDB,07:05,07:08,DOWN,"MON,TUE,WED,THU,FRI,SAT,SUN"
12070,NDLS-PWL,07:34,07:38,DOWN,"MON,TUE,WED,THU,FRI,SAT,SUN"
04535,DLI-DEC,11:40,11:44,UP,"TUE,WED,THU,FRI,SAT,SUN"
04535,DEC-GGN,12:43,12:48,UP,"TUE,WED,THU,FRI,SAT,SUN"
22951,NDLS-PWL,21:05,21:12,DOWN,"MON,THU,FRI,SAT,SUN"
22951,PWL-MTJ,22:09,22:12,DOWN,"MON,THU,FRI,SAT,SUN"
12955,GZB-MTC,11:25,11:32,UP,"MON,TUE,WED,FRI,SAT,SUN"
12955,GZB-ALJN,12:20,12:27,UP,"MON,TUE,WED,FRI,SAT,SUN"
04826,NDLS-GZB,23:15,23:19,DOWN,"MON,TUE,WED,THU,FRI,SAT,SUN"
04826,GZB-ALJN,00:11,00:14,DOWN,"MON,TUE,WED,THU,FRI,SAT,SUN"
12278,NDLS-PWL,01:20,01:26,DOWN,"TUE,WED,THU,FRI,SAT,SUN"
12278,PWL-MTJ,02:07,02:12,DOWN,"TUE,WED,THU,FRI,SAT,SUN"
12649,NDLS-GZB,05:00,05:04,DOWN,"MON,TUE,WED,THU,FRI,SUN"
12649,GZB-ALJN,05:42,05:50,DOWN,"MON,TUE,WED,THU,FRI,SUN"
04452,GZB-MTC,18:15,18:19,DOWN,"MON,TUE,WED,THU,FRI,SAT,SUN"
04452,GZB-ALJN,18:52,18:56,DOWN,"MON,TUE,WED,THU,FRI,SAT,SUN"
04151,NDLS-PWL,14:55,15:02,UP,"MON,TUE,WED,FRI,SAT,SUN"
04151,PWL-MTJ,15:44,15:51,UP,"MON,TUE,WED,FRI,SAT,SUN"
22798,GZB-MTC,13:45,13:53,UP,"MON,TUE,WED,THU,FRI,SAT,SUN"
22798,GZB-ALJN,14:36,14:41,UP,"MON,TUE,WED,THU,FRI,SAT,SUN"
04946,GZB-MTC,21:55,22:03,DOWN,"MON,TUE,WED,THU,SAT,SUN"
04946,GZB-ALJN,22:34,22:38,DOWN,"MON,TUE,WED,THU,SAT,SUN"
12204,NZM-FDB,11:45,11:53,UP,"MON,TUE,WED,FRI,SAT,SUN"
12204,NDLS-PWL,12:26,12:34,UP,"MON,TUE,WED,FRI,SAT,SUN"
22359,NDLS-PWL,06:10,06:18,UP,"MON,TUE,WED,THU,FRI,SAT,SUN"
22359,PWL-MTJ,07:03,07:07,UP,"MON,TUE,WED,THU,FRI,SAT,SUN"
12610,NZM-FDB,06:00,06:07,DOWN,"MON,WED,THU,FRI,SAT,SUN"
12610,NDLS-PWL,06:49,06:57,DOWN,"MON,WED,THU,FRI,SAT,SUN"
22045,NZM-FDB,19:15,19:18,DOWN,"MON,TUE,WED,THU,FRI,SAT,SUN"
22045,NDLS-PWL,19:48,19:54,DOWN,"MON,TUE,WED,THU,FRI,SAT,SUN"
22679,GZB-MTC,15:40,15:46,DOWN,"WED,THU,FRI,SAT,SUN"
22679,GZB-ALJN,16:42,16:47,DOWN,"WED,THU,FRI,SAT,SUN"
04130,GZB-MTC,03:55,04:03,UP,"TUE,WED,THU,SAT,SUN"
04130,GZB-ALJN,04:57,05:05,UP,"TUE,WED,THU,SAT,SUN"
12311,DLI-DEC,22:45,22:51,UP,"TUE,WED,THU,FRI,SAT,SUN"
12311,DEC-GGN,23:29,23:35,UP,"TUE,WED,THU,FRI,SAT,SUN"
22812,NDLS-PWL,11:25,11:30,DOWN,"MON,TUE,WED,THU,FRI,SAT,SUN"
22812,PWL-MTJ,12:13,12:18,DOWN,"MON,TUE,WED,THU,FRI,SAT,SUN"
12825,GZB-MTC,20:40,20:45,UP,"MON,TUE,THU,SAT,SUN"
12825,GZB-ALJN,21:13,21:16,UP,"MON,TUE,THU,SAT,SUN"
22424,NDLS-GZB,00:40,00:43,DOWN,"MON,TUE,WED,THU,FRI,SAT,SUN"
22424,GZB-ALJN,01:18,01:24,DOWN,"MON,TUE,WED,THU,FRI,SAT,SUN"
22224,NZM-FDB,18:15,18:19,UP,"MON,THU,FRI,SAT,SUN"
22224,NDLS-PWL,18:52,19:00,UP,"MON,THU,FRI,SAT,SUN"
12820,DLI-DEC,11:40,11:43,UP,"TUE,WED,THU,FRI,SAT,SUN"
12820,DEC-GGN,12:31,12:36,UP,"TUE,WED,THU,FRI,SAT,SUN"
12761,NDLS-GZB,07:00,07:03,DOWN,"TUE,WED,THU,FRI,SAT,SUN"
12761,GZB-ALJN,07:53,08:01,DOWN,"TUE,WED,THU,FRI,SAT,SUN"
12730,DLI-DEC,18:15,18:23,UP,"MON,TUE,WED,THU,FRI,SAT"
12730,DEC-GGN,18:53,19:01,UP,"MON,TUE,WED,THU,FRI,SAT"
04156,NDLS-GZB,09:05,09:11,UP,"MON,TUE,WED,THU,FRI,SAT,SUN"
04156,GZB-ALJN,09:40,09:44,UP,"MON,TUE,WED,THU,FRI,SAT,SUN"
04968,GZB-MTC,22:05,22:13,UP,"MON,TUE,WED,THU,FRI,SAT,SUN"
04968,GZB-ALJN,23:06,23:09,UP,"MON,TUE,WED,THU,FRI,SAT,SUN"
04752,NDLS-GZB,05:05,05:11,DOWN,"MON,TUE,WED,THU,FRI,SAT,SUN"
04752,GZB-ALJN,05:44,05:50,DOWN,"MON,TUE,WED,THU,FRI,SAT,SUN"
04695,NDLS-GZB,16:20,16:23,UP,"MON,TUE,WED,THU,SAT,SUN"
04695,GZB-ALJN,16:54,16:57,UP,"MON,TUE,WED,THU,SAT,SUN"
04027,DLI-DEC,12:45,12:49,DOWN,"MON,TUE,THU,SAT,SUN"
04027,DEC-GGN,13:38,13:42,DOWN,"MON,TUE,THU,SAT,SUN"
12465,NDLS-PWL,22:35,22:42,UP,"MON,TUE,WED,THU,SAT,SUN"
12465,PWL-MTJ,23:07,23:14,UP,"MON,TUE,WED,THU,SAT,SUN"
12974,NDLS-PWL,14:55,15:03,DOWN,"MON,TUE,WED,THU,FRI,SAT"
12974,PWL-MTJ,15:41,15:49,DOWN,"MON,TUE,WED,THU,FRI,SAT"
12244,NDLS-PWL,18:50,18:54,DOWN,"MON,TUE,THU,SAT,SUN"
12244,PWL-MTJ,19:24,19:27,DOWN,"MON,TUE,THU,SAT,SUN"
04621,NDLS-PWL,16:20,16:25,UP,"MON,TUE,WED,THU,FRI,SAT,SUN"
04621,PWL-MTJ,17:17,17:22,UP,"MON,TUE,WED,THU,FRI,SAT,SUN"
04203,NDLS-PWL,11:45,11:53,UP,"MON,TUE,WED,FRI,SAT"
04203,PWL-MTJ,12:23,12:27,UP,"MON,TUE,WED,FRI,SAT"
12815,GZB-MTC,01:05,01:13,DOWN,"MON,TUE,WED,THU,FRI,SAT,SUN"
12815,GZB-ALJN,01:57,02:01,DOWN,"MON,TUE,WED,THU,FRI,SAT,SUN"
22842,GZB-MTC,16:40,16:45,UP,"MON,WED,THU,FRI,SAT,SUN"
22842,GZB-ALJN,17:13,17:17,UP,"MON,WED,THU,FRI,SAT,SUN"
04276,NZM-FDB,04:45,04:49,DOWN,"MON,TUE,WED,THU,FRI,SAT,SUN"
04276,NDLS-PWL,05:45,05:53,DOWN,"MON,TUE,WED,THU,FRI,SAT,SUN"
22249,GZB-MTC,22:30,22:33,UP,"MON,TUE,WED,THU,FRI,SUN"
22249,GZB-ALJN,23:21,23:26,UP,"MON,TUE,WED,THU,FRI,SUN"
12363,NDLS-PWL,17:55,18:00,DOWN,"MON,WED,THU,FRI,SAT,SUN"
12363,PWL-MTJ,18:59,19:07,DOWN,"MON,WED,THU,FRI,SAT,SUN"
12737,NDLS-PWL,03:05,03:08,DOWN,"TUE,WED,THU,FRI,SAT,SUN"
12737,PWL-MTJ,03:37,03:40,DOWN,"TUE,WED,THU,FRI,SAT,SUN"
22226,DLI-DEC,01:40,01:43,UP,"TUE,WED,THU,FRI,SAT,SUN"
22226,DEC-GGN,02:33,02:40,UP,"TUE,WED,THU,FRI,SAT,SUN"
22360,DLI-DEC,18:00,18:08,DOWN,"MON,TUE,WED,THU,FRI,SAT,SUN"
22360,DEC-GGN,18:58,19:01,DOWN,"MON,TUE,WED,THU,FRI,SAT,SUN"
12756,GZB-MTC,11:50,11:53,UP,"MON,WED,THU,FRI,SAT,SUN"
12756,GZB-ALJN,12:37,12:40,UP,"MON,WED,THU,FRI,SAT,SUN"
22014,GZB-MTC,06:35,06:42,UP,"MON,TUE,WED,THU,FRI,SAT,SUN"
22014,GZB-ALJN,07:27,07:33,UP,"MON,TUE,WED,THU,FRI,SAT,SUN"
12893,GZB-MTC,13:10,13:18,UP,"TUE,WED,THU,FRI,SUN"
12893,GZB-ALJN,14:10,14:18,UP,"TUE,WED,THU,FRI,SUN"
22116,NDLS-PWL,10:25,10:28,UP,"MON,THU,FRI,SAT,SUN"
22116,PWL-MTJ,11:20,11:23,UP,"MON,THU,FRI,SAT,SUN"
12254,NZM-FDB,13:10,13:18,UP,"TUE,WED,THU,FRI,SUN"
12254,NDLS-PWL,13:54,13:57,UP,"TUE,WED,THU,FRI,SUN"
04439,NDLS-GZB,00:25,00:29,UP,"MON,WED,THU,FRI,SAT,SUN"
04439,GZB-ALJN,01:25,01:30,UP,"MON,WED,THU,FRI,SAT,SUN"
12177,GZB-MTC,07:05,07:10,DOWN,"MON,TUE,WED,THU,FRI,SAT,SUN"
12177,GZB-ALJN,07:43,07:51,DOWN,"MON,TUE,WED,THU,FRI,SAT,SUN"
04880,DLI-DEC,01:15,01:20,UP,"MON,TUE,WED,THU,SAT,SUN"
04880,DEC-GGN,02:12,02:17,UP,"MON,TUE,WED,THU,SAT,SUN"
04152,GZB-MTC,11:10,11:18,UP,"MON,TUE,THU,FRI,SAT,SUN"
04152,GZB-ALJN,11:47,11:53,UP,"MON,TUE,THU,FRI,SAT,SUN"
22127,NZM-FDB,02:20,02:26,DOWN,"TUE,WED,THU,FRI,SAT,SUN"
22127,NDLS-PWL,03:01,03:06,DOWN,"TUE,WED,THU,FRI,SAT,SUN"
22752,NDLS-PWL,04:20,04:27,DOWN,"MON,WED,THU,FRI,SAT,SUN"
22752,PWL-MTJ,04:59,05:03,DOWN,"MON,WED,THU,FRI,SAT,SUN"
04041,GZB-MTC,01:50,01:53,UP,"MON,WED,THU,FRI,SUN"
04041,GZB-ALJN,02:33,02:36,UP,"MON,WED,THU,FRI,SUN"
12481,NZM-FDB,16:20,16:24,DOWN,"MON,TUE,WED,THU,SAT,SUN"
12481,NDLS-PWL,17:00,17:03,DOWN,"MON,TUE,WED,THU,SAT,SUN"
04967,GZB-MTC,09:30,09:35,DOWN,"MON,TUE,THU,FRI,SAT,SUN"
04967,GZB-ALJN,10:15,10:21,DOWN,"MON,TUE,THU,FRI,SAT,SUN"
04844,DLI-DEC,03:15,03:22,DOWN,"MON,THU,FRI,SAT,SUN"
04844,DEC-GGN,04:10,04:13,DOWN,"MON,THU,FRI,SAT,SUN"
22640,GZB-MTC,07:35,07:39,UP,"MON,TUE,WED,THU,SAT,SUN"
22640,GZB-ALJN,08:37,08:40,UP,"MON,TUE,WED,THU,SAT,SUN"
12029,NZM-FDB,19:50,19:55,UP,"MON,TUE,WED,THU,FRI,SAT,SUN"
12029,NDLS-PWL,20:39,20:44,UP,"MON,TUE,WED,THU,FRI,SAT,SUN"
12663,NDLS-GZB,00:20,00:25,DOWN,"TUE,WED,THU,FRI,SAT"
12663,GZB-ALJN,01:02,01:07,DOWN,"TUE,WED,THU,FRI,SAT"
22564,GZB-MTC,10:20,10:26,DOWN,"MON,TUE,THU,FRI,SAT"
22564,GZB-ALJN,11:14,11:21,DOWN,"MON,TUE,THU,FRI,SAT"
04273,NZM-FDB,23:15,23:19,UP,"MON,WED,THU,SAT,SUN"
04273,NDLS-PWL,23:53,23:56,UP,"MON,WED,THU,SAT,SUN"
22565,NZM-FDB,09:55,10:02,UP,"MON,TUE,WED,THU,FRI,SAT,SUN"
22565,NDLS-PWL,10:49,10:57,UP,"MON,TUE,WED,THU,FRI,SAT,SUN"
12325,NDLS-GZB,00:00,00:08,DOWN,"MON,TUE,WED,THU,FRI,SAT,SUN"
12325,GZB-ALJN,00:57,01:05,DOWN,"MON,TUE,WED,THU,FRI,SAT,SUN"
04339,DLI-DEC,08:45,08:52,UP,"MON,THU,FRI,SAT,SUN"
04339,DEC-GGN,09:32,09:38,UP,"MON,THU,FRI,SAT,SUN"
12480,NZM-FDB,06:00,06:08,UP,"MON,TUE,WED,THU,FRI,SUN"
12480,NDLS-PWL,06:50,06:53,UP,"MON,TUE,WED,THU,FRI,SUN"
04036,NDLS-GZB,22:10,22:16,UP,"MON,TUE,WED,THU,FRI,SAT,SUN"
04036,GZB-ALJN,23:04,23:10,UP,"MON,TUE,WED,THU,FRI,SAT,SUN"
22170,NDLS-GZB,21:30,21:34,UP,"MON,TUE,WED,THU,FRI,SAT,SUN"
22170,GZB-ALJN,22:24,22:27,UP,"MON,TUE,WED,THU,FRI,SAT,SUN"
04421,GZB-MTC,18:30,18:38,UP,"MON,TUE,WED,THU,FRI,SAT,SUN"
04421,GZB-ALJN,19:11,19:15,UP,"MON,TUE,WED,THU,FRI,SAT,SUN"
12472,DLI-DEC,13:25,13:31,DOWN,"MON,TUE,WED,THU,FRI,SAT,SUN"
12472,DEC-GGN,14:16,14:21,DOWN,"MON,TUE,WED,THU,FRI,SAT,SUN"
22654,NZM-FDB,09:55,09:58,DOWN,"MON,TUE,WED,THU,SAT,SUN"
22654,NDLS-PWL,10:35,10:39,DOWN,"MON,TUE,WED,THU,SAT,SUN"
22585,GZB-MTC,06:35,06:38,UP,"MON,TUE,WED,FRI,SAT,SUN"
22585,GZB-ALJN,07:13,07:19,UP,"MON,TUE,WED,FRI,SAT,SUN"
04763,NZM-FDB,17:20,17:23,DOWN,"MON,TUE,WED,THU,SAT,SUN"
04763,NDLS-PWL,18:22,18:27,DOWN,"MON,TUE,WED,THU,SAT,SUN"
04099,NDLS-PWL,13:05,13:11,DOWN,"MON,TUE,WED,THU,FRI,SAT,SUN"
04099,PWL-MTJ,13:52,13:55,DOWN,"MON,TUE,WED,THU,FRI,SAT,SUN"
04425,NDLS-GZB,12:55,13:03,UP,"TUE,WED,THU,FRI,SUN"
04425,GZB-ALJN,13:30,13:34,UP,"TUE,WED,THU,FRI,SUN"
22935,DLI-DEC,03:50,03:58,UP,"MON,TUE,WED,THU,SAT,SUN"
22935,DEC-GGN,04:38,04:43,UP,"MON,TUE,WED,THU,SAT,SUN"
04374,NZM-FDB,12:45,12:50,UP,"MON,WED,THU,SAT,SUN"
04374,NDLS-PWL,13:26,13:29,UP,"MON,WED,THU,SAT,SUN"
04390,NZM-FDB,23:40,23:48,DOWN,"MON,TUE,WED,THU,FRI,SAT,SUN"
04390,NDLS-PWL,00:48,00:52,DOWN,"MON,TUE,WED,THU,FRI,SAT,SUN"
04309,NDLS-GZB,04:20,04:24,DOWN,"MON,TUE,WED,THU,FRI,SAT,SUN"
04309,GZB-ALJN,04:56,04:59,DOWN,"MON,TUE,WED,THU,FRI,SAT,SUN"
12397,NDLS-GZB,05:30,05:34,UP,"MON,WED,THU,FRI,SAT,SUN"
12397,GZB-ALJN,06:24,06:29,UP,"MON,WED,THU,FRI,SAT,SUN"
04417,NDLS-GZB,03:10,03:13,DOWN,"MON,TUE,WED,THU,FRI,SAT"
04417,GZB-ALJN,03:42,03:46,DOWN,"MON,TUE,WED,THU,FRI,SAT"
04376,NZM-FDB,03:55,04:00,UP,"MON,TUE,WED,THU,FRI,SAT,SUN"
04376,NDLS-PWL,04:32,04:35,UP,"MON,TUE,WED,THU,FRI,SAT,SUN"
04217,NZM-FDB,07:10,07:17,UP,"MON,TUE,WED,THU,FRI,SAT,SUN"
04217,NDLS-PWL,08:09,08:17,UP,"MON,TUE,WED,THU,FRI,SAT,SUN"
04212,NZM-FDB,01:15,01:21,DOWN,"MON,TUE,WED,THU,FRI,SAT,SUN"
04212,NDLS-PWL,02:13,02:17,DOWN,"MON,TUE,WED,THU,FRI,SAT,SUN"
04256,DLI-DEC,07:55,08:00,UP,"MON,TUE,FRI,SAT,SUN"
04256,DEC-GGN,08:42,08:48,UP,"MON,TUE,FRI,SAT,SUN"
22016,NDLS-PWL,10:25,10:33,UP,"MON,TUE,WED,THU,SUN"
22016,PWL-MTJ,11:16,11:22,UP,"MON,TUE,WED,THU,SUN"
22796,NZM-FDB,02:35,02:38,DOWN,"MON,WED,THU,FRI,SAT,SUN"
22796,NDLS-PWL,03:20,03:26,DOWN,"MON,WED,THU,FRI,SAT,SUN"
22469,NDLS-PWL,08:30,08:38,DOWN,"MON,TUE,WED,THU,FRI,SAT,SUN"
22469,PWL-MTJ,09:36,09:40,DOWN,"MON,TUE,WED,THU,FRI,SAT,SUN"
12329,GZB-MTC,16:15,16:23,UP,"MON,TUE,WED,THU,FRI,SAT,SUN"
12329,GZB-ALJN,17:10,17:16,UP,"MON,TUE,WED,THU,FRI,SAT,SUN"
22517,GZB-MTC,14:40,14:47,DOWN,"MON,TUE,WED,THU,FRI,SAT,SUN"
22517,GZB-ALJN,15:44,15:49,DOWN,"MON,TUE,WED,THU,FRI,SAT,SUN"
22747,NZM-FDB,07:40,07:43,DOWN,"TUE,WED,THU,FRI,SUN"
22747,NDLS-PWL,08:28,08:35,DOWN,"TUE,WED,THU,FRI,SUN"
12093,NDLS-PWL,11:55,11:58,UP,"MON,WED,THU,FRI,SUN"
12093,PWL-MTJ,12:53,13:00,UP,"MON,WED,THU,FRI,SUN"
04337,DLI-DEC,06:45,06:48,UP,"MON,TUE,WED,THU,FRI,SAT,SUN"
04337,DEC-GGN,07:28,07:36,UP,"MON,TUE,WED,THU,FRI,SAT,SUN"
04519,NDLS-PWL,22:45,22:53,DOWN,"MON,TUE,THU,SAT,SUN"
04519,PWL-MTJ,23:21,23:25,DOWN,"MON,TUE,THU,SAT,SUN"
12780,GZB-MTC,15:05,15:09,DOWN,"MON,TUE,WED,THU,FRI,SAT"
12780,GZB-ALJN,15:45,15:49,DOWN,"MON,TUE,WED,THU,FRI,SAT"
22006,GZB-MTC,15:15,15:22,DOWN,"MON,TUE,THU,FRI,SUN"
22006,GZB-ALJN,15:48,15:56,DOWN,"MON,TUE,THU,FRI,SUN"
12764,DLI-DEC,08:00,08:06,UP,"MON,TUE,WED,THU,FRI,SAT,SUN"
12764,DEC-GGN,09:05,09:10,UP,"MON,TUE,WED,THU,FRI,SAT,SUN"
04086,NDLS-PWL,01:35,01:38,DOWN,"MON,TUE,WED,FRI,SUN"
04086,PWL-MTJ,02:06,02:10,DOWN,"MON,TUE,WED,FRI,SUN"
22621,GZB-MTC,00:50,00:57,UP,"MON,TUE,WED,THU,FRI,SAT"
22621,GZB-ALJN,01:52,01:55,UP,"MON,TUE,WED,THU,FRI,SAT"
22539,DLI-DEC,05:30,05:35,UP,"MON,TUE,WED,THU,FRI,SAT,SUN"
22539,DEC-GGN,06:11,06:16,UP,"MON,TUE,WED,THU,FRI,SAT,SUN"
22296,NDLS-GZB,06:15,06:22,UP,"MON,WED,THU,FRI,SAT,SUN"
22296,GZB-ALJN,06:56,06:59,UP,"MON,WED,THU,FRI,SAT,SUN"
04572,GZB-MTC,03:05,03:10,DOWN,"MON,TUE,WED,THU,FRI,SAT,SUN"
04572,GZB-ALJN,04:00,04:07,DOWN,"MON,TUE,WED,THU,FRI,SAT,SUN"
04587,NDLS-GZB,12:50,12:55,DOWN,"MON,TUE,WED,THU,SAT,SUN"
04587,GZB-ALJN,13:28,13:32,DOWN,"MON,TUE,WED,THU,SAT,SUN"
04471,NZM-FDB,13:30,13:34,DOWN,"MON,TUE,WED,THU,FRI,SAT,SUN"
04471,NDLS-PWL,14:34,14:42,DOWN,"MON,TUE,WED,THU,FRI,SAT,SUN"
04347,GZB-MTC,09:30,09:38,DOWN,"MON,TUE,WED,FRI,SUN"
04347,GZB-ALJN,10:14,10:20,DOWN,"MON,TUE,WED,FRI,SUN"
22744,DLI-DEC,05:25,05:29,DOWN,"MON,TUE,WED,THU,FRI,SAT,SUN"
22744,DEC-GGN,05:54,06:02,DOWN,"MON,TUE,WED,THU,FRI,SAT,SUN"
12791,GZB-MTC,01:20,01:24,DOWN,"MON,TUE,WED,THU,FRI,SAT,SUN"
12791,GZB-ALJN,02:09,02:16,DOWN,"MON,TUE,WED,THU,FRI,SAT,SUN"
22646,NDLS-PWL,21:10,21:14,UP,"MON,TUE,WED,THU,FRI,SUN"
22646,PWL-MTJ,22:00,22:08,UP,"MON,TUE,WED,THU,FRI,SUN"
12377,NDLS-GZB,14:45,14:50,UP,"MON,TUE,THU,FRI,SAT,SUN"
12377,GZB-ALJN,15:25,15:33,UP,"MON,TUE,THU,FRI,SAT,SUN"
22619,NDLS-GZB,19:00,19:03,DOWN,"MON,TUE,THU,FRI,SAT,SUN"
22619,GZB-ALJN,19:44,19:48,DOWN,"MON,TUE,THU,FRI,SAT,SUN"
04176,NDLS-PWL,14:55,15:00,UP,"TUE,WED,THU,FRI,SAT"
04176,PWL-MTJ,15:31,15:39,UP,"TUE,WED,THU,FRI,SAT"
22939,NDLS-GZB,16:25,16:31,UP,"MON,TUE,WED,THU,FRI,SUN"
22939,GZB-ALJN,17:22,17:26,UP,"MON,TUE,WED,THU,FRI,SUN"
04395,NZM-FDB,16:05,16:10,DOWN,"MON,TUE,WED,THU,FRI,SAT"
04395,NDLS-PWL,17:09,17:15,DOWN,"MON,TUE,WED,THU,FRI,SAT"
22990,NDLS-GZB,09:35,09:39,DOWN,"MON,TUE,WED,THU,FRI,SAT,SUN"
22990,GZB-ALJN,10:32,10:35,DOWN,"MON,TUE,WED,THU,FRI,SAT,SUN"
12686,NDLS-GZB,00:50,00:55,DOWN,"MON,TUE,WED,THU,FRI,SAT,SUN"
12686,GZB-ALJN,01:36,01:39,DOWN,"MON,TUE,WED,THU,FRI,SAT,SUN"
12349,NDLS-GZB,07:15,07:21,DOWN,"MON,TUE,THU,FRI,SAT,SUN"
12349,GZB-ALJN,07:56,08:04,DOWN,"MON,TUE,THU,FRI,SAT,SUN"
04855,NDLS-GZB,14:25,14:32,UP,"MON,TUE,WED,THU,FRI,SAT,SUN"
04855,GZB-ALJN,15:27,15:35,UP,"MON,TUE,WED,THU,FRI,SAT,SUN"
12420,NDLS-GZB,07:00,07:07,DOWN,"TUE,WED,THU,FRI,SAT,SUN"
12420,GZB-ALJN,07:59,08:03,DOWN,"TUE,WED,THU,FRI,SAT,SUN"
04244,NDLS-GZB,14:05,14:09,UP,"TUE,WED,THU,FRI,SAT,SUN"
04244,GZB-ALJN,14:46,14:52,UP,"TUE,WED,THU,FRI,SAT,SUN"
04540,GZB-MTC,12:00,12:05,DOWN,"MON,TUE,THU,FRI,SAT,SUN"
04540,GZB-ALJN,12:45,12:48,DOWN,"MON,TUE,THU,FRI,SAT,SUN"
12728,NDLS-GZB,23:25,23:31,DOWN,"MON,TUE,WED,THU,FRI,SAT,SUN"
12728,GZB-ALJN,00:05,00:08,DOWN,"MON,TUE,WED,THU,FRI,SAT,SUN"
12969,DLI-DEC,18:10,18:13,UP,"MON,TUE,WED,THU,SUN"
12969,DEC-GGN,18:56,19:04,UP,"MON,TUE,WED,THU,SUN"
12395,GZB-MTC,08:30,08:33,DOWN,"MON,TUE,WED,FRI,SUN"
12395,GZB-ALJN,08:59,09:03,DOWN,"MON,TUE,WED,FRI,SUN"
12140,NDLS-PWL,03:25,03:31,DOWN,"TUE,WED,THU,FRI,SAT"
12140,PWL-MTJ,04:03,04:08,DOWN,"TUE,WED,THU,FRI,SAT"
22220,NZM-FDB,20:50,20:58,DOWN,"MON,THU,FRI,SAT,SUN"
22220,NDLS-PWL,21:39,21:42,DOWN,"MON,THU,FRI,SAT,SUN"
12048,GZB-MTC,07:50,07:55,DOWN,"MON,THU,FRI,SAT,SUN"
12048,GZB-ALJN,08:44,08:49,DOWN,"MON,THU,FRI,SAT,SUN"
04016,NDLS-PWL,01:50,01:55,DOWN,"MON,TUE,WED,THU,FRI,SAT,SUN"
04016,PWL-MTJ,02:48,02:54,DOWN,"MON,TUE,WED,THU,FRI,SAT,SUN"
22191,DLI-DEC,11:25,11:32,UP,"MON,TUE,WED,THU,FRI,SAT,SUN"
22191,DEC-GGN,12:00,12:04,UP,"MON,TUE,WED,THU,FRI,SAT,SUN"
22259,NDLS-GZB,14:40,14:47,UP,"MON,TUE,WED,THU,FRI,SAT,SUN"
22259,GZB-ALJN,15:38,15:45,UP,"MON,TUE,WED,THU,FRI,SAT,SUN"
22833,NDLS-PWL,16:30,16:37,UP,"MON,TUE,WED,THU,FRI,SAT,SUN"
22833,PWL-MTJ,17:28,17:35,UP,"MON,TUE,WED,THU,FRI,SAT,SUN"
22206,NZM-FDB,20:15,20:20,UP,"MON,TUE,WED,SAT,SUN"
22206,NDLS-PWL,20:50,20:56,UP,"MON,TUE,WED,SAT,SUN"
22037,NDLS-GZB,05:05,05:11,UP,"MON,TUE,WED,THU,FRI,SAT,SUN"
22037,GZB-ALJN,05:47,05:51,UP,"MON,TUE,WED,THU,FRI,SAT,SUN"
22761,NDLS-PWL,05:20,05:23,UP,"TUE,WED,THU,FRI,SAT,SUN"
22761,PWL-MTJ,06:15,06:18,UP,"TUE,WED,THU,FRI,SAT,SUN"
12744,NZM-FDB,06:15,06:22,UP,"MON,TUE,WED,THU,FRI,SAT"
12744,NDLS-PWL,07:03,07:08,UP,"MON,TUE,WED,THU,FRI,SAT"
04302,NDLS-GZB,16:30,16:37,UP,"TUE,WED,THU,FRI,SAT,SUN"
04302,GZB-ALJN,17:27,17:34,UP,"TUE,WED,THU,FRI,SAT,SUN"
04445,DLI-DEC,22:10,22:16,DOWN,"MON,TUE,THU,FRI,SAT,SUN"
04445,DEC-GGN,22:41,22:49,DOWN,"MON,TUE,THU,FRI,SAT,SUN"
04800,GZB-MTC,04:45,04:51,DOWN,"MON,TUE,WED,THU,SAT,SUN"
04800,GZB-ALJN,05:25,05:29,DOWN,"MON,TUE,WED,THU,SAT,SUN"
12695,GZB-MTC,04:30,04:37,UP,"MON,WED,THU,FRI,SAT,SUN"
12695,GZB-ALJN,05:08,05:13,UP,"MON,WED,THU,FRI,SAT,SUN"
04285,GZB-MTC,17:30,17:35,DOWN,"MON,TUE,WED,THU,SUN"
04285,GZB-ALJN,18:24,18:32,DOWN,"MON,TUE,WED,THU,SUN"
22793,NZM-FDB,01:35,01:39,DOWN,"TUE,WED,THU,FRI,SAT,SUN"
22793,NDLS-PWL,02:21,02:27,DOWN,"TUE,WED,THU,FRI,SAT,SUN"
22176,NDLS-PWL,01:35,01:41,DOWN,"MON,TUE,WED,THU,FRI,SAT,SUN"
22176,PWL-MTJ,02:27,02:35,DOWN,"MON,TUE,WED,THU,FRI,SAT,SUN"
22520,NDLS-PWL,20:15,20:20,UP,"MON,TUE,THU,FRI,SAT"
22520,PWL-MTJ,21:08,21:11,UP,"MON,TUE,THU,FRI,SAT"
22478,DLI-DEC,13:15,13:20,DOWN,"MON,TUE,WED,THU,FRI,SAT,SUN"
22478,DEC-GGN,14:16,14:24,DOWN,"MON,TUE,WED,THU,FRI,SAT,SUN"
12128,NDLS-GZB,05:40,05:45,UP,"MON,TUE,WED,THU,FRI,SAT"
12128,GZB-ALJN,06:38,06:43,UP,"MON,TUE,WED,THU,FRI,SAT"
22514,DLI-DEC,03:45,03:49,DOWN,"MON,TUE,THU,FRI,SUN"
22514,DEC-GGN,04:42,04:46,DOWN,"MON,TUE,THU,FRI,SUN"
22970,NZM-FDB,22:00,22:05,DOWN,"MON,TUE,WED,THU,FRI,SAT,SUN"
22970,NDLS-PWL,22:33,22:40,DOWN,"MON,TUE,WED,THU,FRI,SAT,SUN"
12514,NDLS-PWL,13:15,13:23,UP,"MON,TUE,WED,THU,FRI,SAT,SUN"
12514,PWL-MTJ,14:20,14:26,UP,"MON,TUE,WED,THU,FRI,SAT,SUN"
12971,NDLS-PWL,07:20,07:24,UP,"MON,TUE,WED,THU,FRI,SAT,SUN"
12971,PWL-MTJ,08:01,08:04,UP,"MON,TUE,WED,THU,FRI,SAT,SUN"
22657,NDLS-PWL,19:25,19:28,UP,"MON,TUE,WED,THU,SAT,SUN"
22657,PWL-MTJ,20:16,20:24,UP,"MON,TUE,WED,THU,SAT,SUN"
22495,NDLS-PWL,15:40,15:46,DOWN,"TUE,WED,THU,FRI,SAT,SUN"
22495,PWL-MTJ,16:43,16:49,DOWN,"TUE,WED,THU,FRI,SAT,SUN"
12778,NDLS-GZB,10:15,10:20,UP,"MON,TUE,WED,FRI,SAT,SUN"
12778,GZB-ALJN,11:16,11:23,UP,"MON,TUE,WED,FRI,SAT,SUN"
12099,NZM-FDB,20:10,20:17,UP,"MON,WED,THU,FRI,SAT"
12099,NDLS-PWL,21:17,21:22,UP,"MON,WED,THU,FRI,SAT"
04320,DLI-DEC,11:00,11:08,UP,"TUE,THU,FRI,SAT,SUN"
04320,DEC-GGN,11:38,11:43,UP,"TUE,THU,FRI,SAT,SUN"
12967,NDLS-GZB,02:05,02:09,DOWN,"TUE,WED,THU,FRI,SAT,SUN"
12967,GZB-ALJN,02:47,02:51,DOWN,"TUE,WED,THU,FRI,SAT,SUN"
04903,NDLS-PWL,11:25,11:33,UP,"MON,TUE,WED,THU,FRI,SAT,SUN"
04903,PWL-MTJ,12:24,12:31,UP,"MON,TUE,WED,THU,FRI,SAT,SUN"
22374,NDLS-GZB,20:10,20:14,UP,"MON,TUE,THU,FRI,SUN"
22374,GZB-ALJN,20:50,20:57,UP,"MON,TUE,THU,FRI,SUN"
04461,NDLS-GZB,10:45,10:52,UP,"MON,TUE,WED,THU,FRI,SAT,SUN"
04461,GZB-ALJN,11:36,11:44,UP,"MON,TUE,WED,THU,FRI,SAT,SUN"
22773,DLI-DEC,16:00,16:05,DOWN,"TUE,WED,THU,FRI,SAT"
22773,DEC-GGN,16:59,17:04,DOWN,"TUE,WED,THU,FRI,SAT"
04341,NDLS-PWL,12:50,12:58,DOWN,"TUE,WED,THU,FRI,SAT,SUN"
04341,PWL-MTJ,13:56,14:03,DOWN,"TUE,WED,THU,FRI,SAT,SUN"
04344,NZM-FDB,00:15,00:22,UP,"MON,TUE,WED,THU,FRI,SAT,SUN"
04344,NDLS-PWL,01:10,01:17,UP,"MON,TUE,WED,THU,FRI,SAT,SUN"
04112,GZB-MTC,12:40,12:48,DOWN,"MON,TUE,WED,THU,FRI,SUN"
04112,GZB-ALJN,13:19,13:25,DOWN,"MON,TUE,WED,THU,FRI,SUN"
12536,NDLS-GZB,11:45,11:53,DOWN,"MON,TUE,WED,THU,FRI,SAT,SUN"
12536,GZB-ALJN,12:38,12:43,DOWN,"MON,TUE,WED,THU,FRI,SAT,SUN"
12019,DLI-DEC,08:00,08:04,DOWN,"MON,TUE,WED,THU,SAT,SUN"
12019,DEC-GGN,09:02,09:06,DOWN,"MON,TUE,WED,THU,SAT,SUN"
22893,NDLS-GZB,13:35,13:43,DOWN,"MON,TUE,WED,THU,FRI,SAT,SUN"
22893,GZB-ALJN,14:16,14:24,DOWN,"MON,TUE,WED,THU,FRI,SAT,SUN"
22934,NDLS-GZB,12:35,12:40,DOWN,"MON,TUE,WED,THU,FRI,SAT,SUN"
22934,GZB-ALJN,13:31,13:37,DOWN,"MON,TUE,WED,THU,FRI,SAT,SUN"
22230,NZM-FDB,08:05,08:10,UP,"TUE,WED,THU,FRI,SAT,SUN"
22230,NDLS-PWL,08:49,08:57,UP,"TUE,WED,THU,FRI,SAT,SUN"
12587,GZB-MTC,15:15,15:22,DOWN,"MON,TUE,WED,THU,FRI,SAT,SUN"
12587,GZB-ALJN,16:06,16:10,DOWN,"MON,TUE,WED,THU,FRI,SAT,SUN"
22946,GZB-MTC,12:30,12:33,UP,"MON,TUE,WED,THU,FRI,SAT"
22946,GZB-ALJN,13:28,13:32,UP,"MON,TUE,WED,THU,FRI,SAT"
12111,DLI-DEC,14:15,14:23,UP,"MON,TUE,WED,THU,FRI,SAT,SUN"
12111,DEC-GGN,14:53,14:57,UP,"MON,TUE,WED,THU,FRI,SAT,SUN"
04483,DLI-DEC,13:05,13:11,UP,"MON,TUE,THU,SAT,SUN"
04483,DEC-GGN,13:57,14:02,UP,"MON,TUE,THU,SAT,SUN"
04204,DLI-DEC,19:45,19:48,DOWN,"MON,WED,THU,FRI,SAT,SUN"
04204,DEC-GGN,20:43,20:46,DOWN,"MON,WED,THU,FRI,SAT,SUN"
12427,GZB-MTC,20:05,20:09,UP,"MON,TUE,WED,THU,SAT"
12427,GZB-ALJN,21:06,21:09,UP,"MON,TUE,WED,THU,SAT"
12305,NZM-FDB,17:35,17:38,DOWN,"MON,TUE,WED,THU,FRI,SAT,SUN"
12305,NDLS-PWL,18:12,18:16,DOWN,"MON,TUE,WED,THU,FRI,SAT,SUN"
12828,NDLS-PWL,17:25,17:32,DOWN,"TUE,WED,THU,FRI,SUN"
12828,PWL-MTJ,18:26,18:30,DOWN,"TUE,WED,THU,FRI,SUN"
22581,DLI-DEC,03:25,03:31,UP,"MON,TUE,WED,THU,FRI,SAT,SUN"
22581,DEC-GGN,04:17,04:25,UP,"MON,TUE,WED,THU,FRI,SAT,SUN"
12488,NDLS-PWL,02:25,02:28,DOWN,"MON,TUE,WED,THU,SAT,SUN"
12488,PWL-MTJ,03:21,03:26,DOWN,"MON,TUE,WED,THU,SAT,SUN"
04740,NDLS-PWL,06:45,06:51,UP,"MON,TUE,WED,THU,FRI,SAT,SUN"
04740,PWL-MTJ,07:21,07:25,UP,"MON,TUE,WED,THU,FRI,SAT,SUN"
04788,GZB-MTC,18:15,18:21,DOWN,"MON,WED,THU,FRI,SAT,SUN"
04788,GZB-ALJN,19:13,19:19,DOWN,"MON,WED,THU,FRI,SAT,SUN"
12765,NZM-FDB,01:35,01:42,UP,"MON,TUE,WED,THU,FRI,SAT,SUN"
12765,NDLS-PWL,02:19,02:27,UP,"MON,TUE,WED,THU,FRI,SAT,SUN"
04457,DLI-DEC,13:40,13:47,UP,"MON,TUE,WED,THU,FRI,SAT,SUN"
04457,DEC-GGN,14:24,14:27,UP,"MON,TUE,WED,THU,FRI,SAT,SUN"
12696,NDLS-GZB,09:35,09:43,UP,"MON,WED,THU,FRI,SAT"
12696,GZB-ALJN,10:30,10:35,UP,"MON,WED,THU,FRI,SAT"
12525,NDLS-PWL,16:20,16:27,UP,"MON,TUE,WED,THU,FRI,SUN"
12525,PWL-MTJ,17:11,17:15,UP,"MON,TUE,WED,THU,FRI,SUN"
12763,NDLS-GZB,12:40,12:45,UP,"MON,TUE,THU,FRI,SAT"
12763,GZB-ALJN,13:39,13:47,UP,"MON,TUE,THU,FRI,SAT"
12956,GZB-MTC,18:30,18:38,DOWN,"MON,TUE,WED,THU,FRI,SUN"
12956,GZB-ALJN,19:11,19:16,DOWN,"MON,TUE,WED,THU,FRI,SUN"
22384,NZM-FDB,08:00,08:04,DOWN,"TUE,WED,FRI,SAT,SUN"
22384,NDLS-PWL,08:54,08:57,DOWN,"TUE,WED,FRI,SAT,SUN"
04402,NDLS-PWL,05:35,05:39,UP,"MON,TUE,WED,THU,FRI,SAT,SUN"
04402,PWL-MTJ,06:05,06:12,UP,"MON,TUE,WED,THU,FRI,SAT,SUN"
04388,GZB-MTC,05:15,05:20,UP,"TUE,WED,THU,SAT,SUN"
04388,GZB-ALJN,05:47,05:53,UP,"TUE,WED,THU,SAT,SUN"
12676,DLI-DEC,02:00,02:08,UP,"MON,TUE,WED,FRI,SAT,SUN"
12676,DEC-GGN,02:39,02:47,UP,"MON,TUE,WED,FRI,SAT,SUN"
04720,NDLS-GZB,04:55,05:01,UP,"MON,TUE,THU,SAT,SUN"
04720,GZB-ALJN,05:54,06:00,UP,"MON,TUE,THU,SAT,SUN"
12515,NDLS-GZB,20:10,20:18,DOWN,"TUE,WED,THU,FRI,SAT,SUN"
12515,GZB-ALJN,20:52,20:56,DOWN,"TUE,WED,THU,FRI,SAT,SUN"
12423,NDLS-GZB,17:55,18:03,DOWN,"MON,TUE,WED,THU,FRI,SUN"
12423,GZB-ALJN,18:34,18:42,DOWN,"MON,TUE,WED,THU,FRI,SUN"
04687,GZB-MTC,05:50,05:56,DOWN,"MON,TUE,WED,THU,FRI,SUN"
04687,GZB-ALJN,06:27,06:34,DOWN,"MON,TUE,WED,THU,FRI,SUN"
22246,GZB-MTC,12:00,12:03,UP,"MON,TUE,WED,THU,SAT"
22246,GZB-ALJN,12:34,12:40,UP,"MON,TUE,WED,THU,SAT"
04137,NDLS-PWL,11:10,11:17,UP,"MON,TUE,WED,THU,SAT,SUN"
04137,PWL-MTJ,11:54,11:59,UP,"MON,TUE,WED,THU,SAT,SUN"
04741,NZM-FDB,06:50,06:53,DOWN,"MON,WED,THU,FRI,SUN"
04741,NDLS-PWL,07:53,07:59,DOWN,"MON,WED,THU,FRI,SUN"
04222,NDLS-PWL,14:05,14:09,DOWN,"MON,TUE,WED,THU,FRI,SAT"
04222,PWL-MTJ,14:34,14:37,DOWN,"MON,TUE,WED,THU,FRI,SAT"
12712,NDLS-GZB,21:00,21:04,UP,"MON,TUE,WED,THU,FRI,SAT,SUN"
12712,GZB-ALJN,21:34,21:41,UP,"MON,TUE,WED,THU,FRI,SAT,SUN"
22267,NDLS-GZB,10:55,11:03,UP,"MON,TUE,WED,THU,FRI,SAT"
22267,GZB-ALJN,11:42,11:48,UP,"MON,TUE,WED,THU,FRI,SAT"
22320,DLI-DEC,19:45,19:48,DOWN,"MON,TUE,THU,FRI,SAT,SUN"
22320,DEC-GGN,20:19,20:23,DOWN,"MON,TUE,THU,FRI,SAT,SUN"
04427,NDLS-GZB,15:20,15:28,DOWN,"MON,TUE,WED,THU,SAT,SUN"
04427,GZB-ALJN,16:13,16:19,DOWN,"MON,TUE,WED,THU,SAT,SUN"
22989,NDLS-GZB,01:55,01:58,UP,"MON,TUE,WED,THU,FRI,SAT,SUN"
22989,GZB-ALJN,02:31,02:39,UP,"MON,TUE,WED,THU,FRI,SAT,SUN"
12938,NDLS-PWL,15:15,15:21,DOWN,"MON,TUE,WED,THU,FRI,SAT,SUN"
12938,PWL-MTJ,16:03,16:11,DOWN,"MON,TUE,WED,THU,FRI,SAT,SUN"
12724,NDLS-GZB,14:35,14:39,DOWN,"MON,TUE,THU,FRI,SAT"
12724,GZB-ALJN,15:11,15:17,DOWN,"MON,TUE,THU,FRI,SAT"
22675,NZM-FDB,11:35,11:41,DOWN,"MON,WED,THU,FRI,SAT,SUN"
22675,NDLS-PWL,12:36,12:42,DOWN,"MON,WED,THU,FRI,SAT,SUN"
22017,NDLS-PWL,05:35,05:43,UP,"MON,TUE,WED,THU,FRI,SAT,SUN"
22017,PWL-MTJ,06:11,06:15,UP,"MON,TUE,WED,THU,FRI,SAT,SUN"
22814,NDLS-GZB,20:35,20:42,DOWN,"MON,WED,THU,FRI,SAT,SUN"
22814,GZB-ALJN,21:35,21:39,DOWN,"MON,WED,THU,FRI,SAT,SUN"
04847,GZB-MTC,15:15,15:22,DOWN,"MON,TUE,FRI,SAT,SUN"
04847,GZB-ALJN,15:48,15:56,DOWN,"MON,TUE,FRI,SAT,SUN"
12652,NDLS-PWL,20:45,20:48,DOWN,"MON,TUE,THU,SAT,SUN"
12652,PWL-MTJ,21:39,21:45,DOWN,"MON,TUE,THU,SAT,SUN"
12916,NDLS-GZB,11:05,11:13,UP,"MON,TUE,WED,THU,FRI,SAT,SUN"
12916,GZB-ALJN,11:58,12:01,UP,"MON,TUE,WED,THU,FRI,SAT,SUN"
04673,GZB-MTC,14:25,14:32,UP,"MON,TUE,WED,SAT,SUN"
04673,GZB-ALJN,15:30,15:38,UP,"MON,TUE,WED,SAT,SUN"
22166,GZB-MTC,18:25,18:33,UP,"MON,TUE,WED,THU,FRI,SAT,SUN"
22166,GZB-ALJN,19:13,19:19,UP,"MON,TUE,WED,THU,FRI,SAT,SUN"
12447,DLI-DEC,06:20,06:27,DOWN,"MON,TUE,WED,THU,SUN"
12447,DEC-GGN,06:55,06:58,DOWN,"MON,TUE,WED,THU,SUN"
22233,NDLS-PWL,21:05,21:09,DOWN,"TUE,WED,THU,FRI,SAT,SUN"
22233,PWL-MTJ,21:38,21:44,DOWN,"TUE,WED,THU,FRI,SAT,SUN"
12075,DLI-DEC,14:05,14:10,UP,"TUE,WED,THU,SAT,SUN"
12075,DEC-GGN,14:38,14:45,UP,"TUE,WED,THU,SAT,SUN"
12005,NDLS-PWL,17:10,17:14,DOWN,"MON,WED,THU,FRI,SAT,SUN"
12005,PWL-MTJ,17:44,17:50,DOWN,"MON,WED,THU,FRI,SAT,SUN"
04524,NZM-FDB,03:45,03:51,DOWN,"MON,WED,THU,FRI,SAT,SUN"
04524,NDLS-PWL,04:44,04:49,DOWN,"MON,WED,THU,FRI,SAT,SUN"
12298,NDLS-GZB,00:45,00:48,DOWN,"MON,TUE,WED,THU,FRI,SAT"
12298,GZB-ALJN,01:38,01:44,DOWN,"MON,TUE,WED,THU,FRI,SAT"
22308,NDLS-GZB,03:50,03:57,UP,"MON,TUE,WED,THU,SAT,SUN"
22308,GZB-ALJN,04:41,04:48,UP,"MON,TUE,WED,THU,SAT,SUN"
22257,GZB-MTC,19:25,19:30,UP,"TUE,THU,FRI,SAT,SUN"
22257,GZB-ALJN,20:18,20:21,UP,"TUE,THU,FRI,SAT,SUN"
22340,NDLS-PWL,14:05,14:12,DOWN,"MON,TUE,WED,THU,FRI,SAT,SUN"
22340,PWL-MTJ,15:07,15:15,DOWN,"MON,TUE,WED,THU,FRI,SAT,SUN"
22321,DLI-DEC,04:50,04:53,DOWN,"WED,THU,FRI,SAT,SUN"
22321,DEC-GGN,05:32,05:35,DOWN,"WED,THU,FRI,SAT,SUN"
22836,DLI-DEC,12:25,12:32,DOWN,"MON,TUE,WED,FRI,SAT,SUN"
22836,DEC-GGN,13:30,13:35,DOWN,"MON,TUE,WED,FRI,SAT,SUN"
04472,NDLS-GZB,07:00,07:06,UP,"MON,TUE,WED,THU,FRI,SAT,SUN"
04472,GZB-ALJN,07:39,07:47,UP,"MON,TUE,WED,THU,FRI,SAT,SUN"
04157,NZM-FDB,10:50,10:57,UP,"MON,TUE,WED,THU,FRI,SAT,SUN"
04157,NDLS-PWL,11:34,11:38,UP,"MON,TUE,WED,THU,FRI,SAT,SUN"
04037,NDLS-GZB,09:10,09:16,DOWN,"MON,WED,THU,FRI,SAT,SUN"
04037,GZB-ALJN,09:53,10:01,DOWN,"MON,WED,THU,FRI,SAT,SUN"
04627,DLI-DEC,17:40,17:43,UP,"TUE,WED,THU,FRI,SAT"
04627,DEC-GGN,18:15,18:21,UP,"TUE,WED,THU,FRI,SAT"
